Node,Community
greenspan,0
Blair and Brown,0
Liam Fox,0
Brown,0
Blair,0
the Lib Dems,0
Tony Blair,0
Llanelli Grammar School - and,0
Carragher,0
Leicester South,0
Fox,0
USA,0
Simon Hughes,0
the Pro - life Alliance,0
howard,0
tory,0
Oliver Letwin,0
Erewash,0
Michael Howard,0
Tanzania,0
Cabinet,0
Kelly,0
conservative,0
Gordon Brown,0
parliament,0
Alan Milburn,0
UKIP,0
Hockney,0
Michael Fallon,0
milburn,0
labour party,0
Goldsmith,0
Caroline Spelman,0
David Walliams,0
Yeo,0
Greenspan,0
liberal,0
Vincent Cable,0
Kennedy,0
mozambique,0
Manchester the Labour Party,0
Charles Kennedy,0
Alan Duncan,0
Crosby,0
labour,0
Ian McCartney,0
Matt Lucas,0
John McCain,0
Africa,0
Campbell - Savours,0
Westminster,0
Blunkett,0
Digby Jones,0
Britain,0
Eriksson,0
Liberal Democrats,0
robinson,1
Grand Slams,1
Pumas,1
Elena Dementieva,1
england,1
France,1
Scotland,1
Giggs,1
Ronan O'Gara,1
Charlie Hodgson,1
Manchester United,1
Ireland,1
wale,1
the Rugby Football Union,1
Karina Habsudova,1
Danny Grewcock,1
Moya,1
Argentina,1
the Davis Cup,1
corry,1
Parker,1
Cup,1
the six nation,1
Grand Slam,1
Dimitri Yachvili,1
Wilkinson,1
another Six Nations Grand Slam,1
Yachvili,1
Slovakia,1
o'driscoll,1
Maria Sharapova,1
Serge Betsen,1
the Hopman Cup,1
samoa,1
Patty Schnyder,1
Karol Kucera,1
FA Cup,1
Campese,1
Doyle,1
Italy,1
Spain,1
the Freedom of Information Act,1
irish,1
the All black,1
galla,1
Myskina,1
Carlos Moya,2
bogdanovic,2
mardy fish,2
Tim Henman,2
Rafael Nadal,2
Henman,2
Arnaud clement,2
federer,2
Ivan Ljubicic,2
Lleyton Hewitt,2
Roddick,2
the Lawn Tennis Association,2
Andy Roddick,2
nadal,2
Cyril Saulnier,2
gilbert,2
Millwall Liverpool,3
Roy Keane,3
Ryan Giggs,3
Neil Mellor,3
Chelsea,3
the Football Association,3
Luis Garcia,3
ferguson,3
Dietmar Hamann,3
Steven Gerrard,3
Liverpool,3
John Arne Riise,3
Barcelona,3
Parry,3
Russia,4
the European Court of Human Rights,4
sibneft,4
Khodorkovsky,4
yuganskneftegaz,4
Yukos,4
rosneft,4
VEB,4
Team GB,5
Balco,5
Jo Pavey,5
Hayley Yelling,5
Chris Tomlinson,5
UK athletic,5
collins,5
anti - doping agency,5
Oscar,6
conti,6
Miyazaki,6
eastwood,6
Sandy Powell,6
Takuo Miyagishima,6
Vera Drake,6
Druyun,7
martin,7
sear,7
Boeing,7
Airbus,7
Noel Forgeard,7
Andy Hazell,8
test,8
Dawson,8
Duncan Bell,8
Jonathan Kaplan,8
Andy Robinson,8
the US Agriculture Department,9
Google News,9
Hugo Chavez,9
Honda,9
China,9
euronext,10
London,10
the London Stock Exchange,10
Air China,10
LSE,10
Deutsche Bank,11
Baikal Finance Group,11
the Russian Federation,11
Gazprom,11
Yugansk,11
the Securities & Exchange Commission,12
Fannie Mae,12
Tim Howard,12
the Securities and Exchange Commission,12
Franklin Raines,12
Morrissey,13
razorlight,13
Vieira,13
Franz ferdinand,13
keane,13
little Britain,14
Peter Mandelson,14
bafta,14
BBC,14
Freeview,14
great british Spelling Test,15
Spooks Interactive,15
Thanou,15
olympic,15
Kenteris,15
Carlton Cole,16
Peter Kenyon,16
Cole,16
Jose Mourinho,16
Bobby Robson,16
celtic,17
kilmarnock,17
Stan Varga,17
ranger,17
Dundee United,17
Simon Royce,18
Bolton,18
Ipswich,18
charlton,18
leicester,18
Greg Rusedski,19
Thomas Johansson,19
Lleyton,19
Fabrice Santoro,19
Roger Federer,19
Newcastle,20
scottish,20
s&n,20
Lee Bowyer,20
Sri Lanka,21
Aceh,21
Hilary Benn,21
tsunami,21
Dallas Roberts,22
the Theatregoers ' Choice Awards,22
Christian Slater,22
slater,22
the 77th Academy Awards,23
Leonardo dicaprio,23
Pierce Brosnan,23
hollywood,23
Grammy,24
Percy Sledge,24
Bill Clinton,24
Rod Stewart,24
Dunne,25
McManaman,25
rooney,25
Jones,25
Carling Cup,26
watford,26
Fulham,26
Carlo Cudicini,26
James,27
Llanelli,27
Damien Duff,27
Jiri Jarosik,27
Campbell,28
Ronan McCormack,28
Newsnight,28
Roger Wilson,28
Rainer Schuettler,29
Melzer,29
San Jose,29
Agassi,29
Silvia Farina Elia,30
Jelena Jankovic,30
Mirza,30
Jelena Kostanic,30
Juan Carlos Ferrero,31
Mike,31
Tommy Robredo,31
Bob Bryan,31
Australia,32
Dallaglio,32
South Africa,32
the United States,32
apple,33
ipod,33
raskin,33
Mac Mini,33
Sullivan,34
Reid Weingarten,34
Ebbers,34
Irishmen JP McManus,35
John Magnier,35
Man Utd,35
Nissan,36
ghosn,36
Toshiyuki Shiga,36
FSA,37
Prettejohn,37
Lloyd 's of London,37
Werner Seifert,38
m furse,38
Clara Furse,38
World Bank,39
Egypt,39
israeli,39
CFCA,40
Thomas Haden Church,40
Imelda Staunton,40
the Southeastern Film Critics,41
Independent Spirit Awards,41
sideway,41
the Screen Actors Guild Awards,42
Hilary Swank,42
Jamie Foxx,42
Felicity Huffman,43
Desperate housewife,43
Marcia Cross,43
Rick Rubin,44
Def Jam,44
Russell Simmons,44
Damien Rice,45
Brian McFadden,45
casey,45
Bez,46
Brigitte Nielsen,46
John,46
Denise,47
johnny,47
Johnny Vaughan,47
Dizzee Rascal,48
Joss Stone,48
Jamelia,48
Pamela Travers,49
producer,49
Mary Poppins,49
Sky Movies 1,50
Academy Awards,50
the Academy Awards,50
Kate Winslet,51
Heather Craney,51
Natalie Portman,51
oscar,52
Dave Karger,52
titanic,52
Oscar Three,53
Kenyan Susan Chepkemei,53
Briton,53
Asia,54
turnbull,54
Europe,54
Stefano Baldini,55
Jaouad Gharib,55
gebrselassie,55
William Gallas,56
James Beattie,56
moye u - turn,56
Jerzy Dudek,57
benitez,57
Gerrard,57
spur,58
Brighton,58
Jol,58
Bafana Bafana,59
madagascar,59
Mauritius,59
Zambia,60
Lesotho,60
Malawi,60
Stewart Downing,61
McClaren,61
Jimmy Floyd Hasselbaink,61
leed v Saracens,62
Ed Kalman,62
Tom McGee,62
Ben Gollings,63
Simon Amor,63
Lucio Lopez Fleming,63
Rainer Schuettler 7 - 5,64
russian,64
Selima Sfar 2,64
argentine,65
Albert Montanes,65
Calleri,65
Venus Williams,66
davenport,66
Jie Zheng 6 - 2 7 - 5,66
Elena Likhovtseva,67
Slovakian,67
Sprem,67
Jeremy Bates,68
Alex Bogdanovic,68
Andrew Murray,68
Mauresmo,69
Samantha Stosur,69
Alicia Molik,69
Nathalie Dechy,70
Lisa Raymond 7 - 5,70
navratilova,70
the Sydney International,71
capriati,71
Melbourne Jennifer Capriati,71
caribbean,72
Hurricane Ivan,72
United States,72
IBM,73
Linux,73
the Smallpox Research Grid,73
Macintosh,74
job,74
the Mac Mini,74
Google,75
Yahoo,75
Pyra Labs,75
a Memorandum of Understanding,76
peugeot,76
WPP,77
Grey Global,77
Rover,78
BMW,78
Fiat,79
Maserati,79
Hyundai Motor,80
Hyundai,80
fao,81
the World Trade Organisation,81
Colin Powell,82
the West Bank,82
Titan,83
SEC,83
Elliot Spitzer,84
MMC Capital,84
panke,85
Accura,85
Kok,86
the European Commission,86
Saab,87
cadillac,87
Naresh Goya,88
Jet Airways,88
Demel,89
Fiat Auto,89
Sergio Marchionne,90
Herbert Demel,90
Sina,91
Beijing,91
NM Rothschild,92
glazer,92
Ukraine,93
Leonid Kuchma,93
Borussia Dortmund,94
Bayern Munich,94
Shiro Tsuda,95
morrow,95
South Korea,96
Economy Ministry,96
million of the world 's,97
million,97
Bombardier,98
Paul Tellier,98
gammell,99
Aishwariya,99
Kingfisher Airlines,100
Vijay Mallya,100
the Ministry of Commerce,101
Chavez,101
the Association for Payment Clearing Services ( Apacs ) apac,102
Helen Carroll,102
Interbrew,103
ambev,103
m Mohd - Saaid,104
Laura Ashley,104
Standard Chartered,105
citigroup,105
shell,106
Judy Boynton,106
Pakistan,107
Standard & Poor 's,107
mcdonald,108
bell,108
savoy,109
Quinlan Private - buy,109
Hosni Mubarak,110
Ariel Sharon,110
Anil,111
Anand Jain,111
Paris Club,112
Indonesia,112
Crown Prince Frederik,113
New York,113
Queen Mary,114
the Ugly duckling,114
the Whitbread Prize,115
McCaughrean,115
the Canadian Broadcasting Corporation,116
flight,116
alicia Markova,117
World War II,117
Roger Deakins,118
the Technical Achievement Award,118
mann,119
Evans,119
Walter Salles,120
the Motorcycle diary,120
Kwon - Taek,121
Golden Bear,121
Gerard Jugnot - star,122
Jugnot,122
Paul Rusesabagina,123
Cheadle,123
Alan Titchmarsh,124
Ground Force,124
electronic Arts,125
Brando,125
will Smith,126
Cesar,126
Ron Howard,127
Tautou,127
the Special Award,128
Floella Benjamin,128
Ray,129
Guild Award,129
the US Federal Communications Commission,130
CBS,130
Best Actress,131
Swank,131
Marlon Brando,132
the Academy Award,132
Howard Hughes,133
dicaprio,133
Phil Jupitus,134
Nicky Wire,134
Jay - Z,135
the Island Def Jam Music Group,135
Merle Kilgore,136
Ring of fire,136
Bob,137
Black America,137
Kylie Minogue,138
pj harvey,138
the Meteor Awards,139
Snow Patrol,139
Dre,140
Johnson,140
grammys,141
Kanye West,141
Rapper Eminem,142
Elvis,142
Billboard 's Century Award,143
Stevie Wonder,143
Elvis Presley,144
Newcomer Ciara - who,144
housewife,145
Channel 4,145
the all New Top of the pop,146
Tim Kash,146
hollyoak to Channel 4,147
Redmond,147
icrc,148
Gazetta,148
the Tour de France,149
Guardian,149
Christopher Lee,150
Fireside tale,150
the John Peel Show,151
Rob Da Bank,151
Mercury Music Prize,152
size,152
Vince Everett,153
Kombou,153
Wilson,154
Steve Coogan,154
Britney Spears,155
spear,155
Kristin king,156
Love,156
Different Story,157
BBC one,157
Nathan Lane,158
Lee Evans,158
the Society of London,159
the Olivier Awards,159
Goodrem,160
the Pepsi Viewers Choice Award,160
Buddy Guy,161
Clapton,161
bono,162
Springsteen,162
malkovich,163
Humma Kavula,163
Robert Redford,164
sundance,164
Cohen,165
Victoria Wood,165
Academy Award,166
Dudley Nichols,166
Roxy Music,167
"Ferry , Mackay",167
Fuller,168
American Idol,168
idol,169
Simon Fuller,169
Morgan Spurlock,170
McDonalds,170
Grammy Awards,171
Charles,171
Jolin,172
Phil Davis,172
Sienna Miller,173
glamour,173
the Orange Film of the year,174
Harry Potter,174
the Killing Fields,175
amadeus,175
Motormouth,176
arnold,176
Debra Hill,177
screenwriter,177
Jack Cunningham,178
Butler,178
the Arts Council of Wales,179
the Welsh Assembly Government,179
Makarov,180
KGB,180
muslim,181
MAB,181
Treaty,182
the United Kingdom,182
Nicola sturgeon,183
McLetchie,183
Princess Consort,184
Parker Bowles,184
Massoud Shadjareh,185
m blear,185
Lucy,186
pound,186
Alan Clark,187
nichola,187
Oliver Finegold,188
Livingstone,188
mccabe,189
8.1bn,189
Independence Party,190
Robert Kilroy - Silk,190
Baroness Amos,191
kinnock,191
Josef Stalin,192
the Cold War,192
telegraph,193
galloway,193
Jackson,194
labour mp,194
Bekele,195
El Guerrouj,195
Kelly Sotherton,196
Sotherton Jade Johnson,196
holme,197
athens,197
Willian Gallas,198
mourinho,198
cech,199
Nunez,199
Giannakopoulos,200
davy,200
Fernando Hierro,201
Dyer on the edge of the area,201
United,202
Alan Archibald,202
Clyde 0 - 5 Celtic Celtic,203
Clyde,203
Maloney,204
Sutton,204
Miller,205
Gus Bahoken,205
Neil MacFarlane,206
Burton O'Brien,206
Mikel Arteta,207
Mladenovic,207
Fernando Torres,208
athletico,208
Iran,209
Arash Miresmaeili,209
Dado Prso,210
Neil Lennon,210
Sotiris Kyrgiakos,211
hartson,211
michel,212
dutch,212
Antonio Doblas,213
Ivan Helguera,213
Juventus,214
Milan,214
Rafael Benitez,215
red,215
Arsene Wenger,216
Quincy Owusu - Abeyie,216
Tom Doherty,217
holloway,217
Kevin Keegan,218
Robbie Fowler,218
rover,219
success,219
David Prutton,220
Alan Wiley,220
Vincent Candela,221
Sam Allardyce,221
norwich,222
Stuart,222
Jurgen Klinsmann,223
Jens Lehmann,223
Henry,224
heinze,224
the Scottish Football Association,225
Tommy burn,225
Boca Juniors,226
Bernardo Gandulla,226
Maradona,227
corinthian,227
kerr,228
Mick McCarthy,228
Alex Ferguson,229
Neale Barry,229
gill,230
Dein,230
Ashley Cole,231
Ruud van Nistelrooy,231
Nomar Garciaparra,232
Chicago Cubs,232
bernabeu,233
ETA,233
lorimer,234
Mark Taylor,234
Olof Mellberg,235
o'leary,235
pompey,236
Arsenal,236
Williams,237
Thomas,237
Dave Walder,238
Joe Shaw,238
the Scottish Rugby Union,239
Matt Williams,239
John Connolly,240
barkley,240
Kirwan,241
Cristian Stoica,241
Simon Danielli,242
Simon Webster,242
Tim Collier,243
Phil Murphy,243
Bernard Laporte,244
Frederic Michalak,244
Irish Lions,245
Tama Umaga,245
Umaga,246
New Zealand,246
George Gregan,247
south,247
Stevens,248
Matt Stevens,248
Ben Kay,249
Steve Borthwick,249
the all Blacks 23 - 11,250
barbarian,250
Maori,251
Joe Warbrick,251
Nelson College,252
Nelson Town,252
tiger,253
Andy Goode,253
Andy Williams,254
Bath Bath,254
Sonny Bill Williams,255
St Helens,255
Ulster,256
Gloucester,256
Johnny O'Connor,257
Denis Leamy,257
Frank Dancevic,258
American Jeff Morrison 4 - 6 7 - 6,258
Kenneth Carlsen,259
Irakli Labadze,259
Jan Hernych,260
Kevin Kim,260
Wimbledon,261
Lindsay Davenport,261
Nicole Pratt,262
tunisian,262
safin,263
hewitt,263
chilean,264
Juan Ignacio Chela,264
rochu,265
Coria,265
Guillermo Coria,266
Dominik Hrbaty,266
Spaniard Costa,267
Croatian Ivan Ljubicic,267
Nicolas Massu,268
Andre Agassi,268
rusedski,269
american,269
Justin Gimelstob 7 - 6,270
Gaston Gaudio,270
the French Open,271
Roche,271
Daniela Hantuchova,272
Michaella Krajicek,272
Kuznetsova,273
the Women 's Tennis Association,273
Robin Soderling,274
the Milan Indoors,274
Negroponte,275
be Digital,275
Digital Video Broadcasting Handheld,276
the European Telecommunications Institute,276
GUI,277
xerox PARC,277
ArtGarden,278
tate,278
Podcast Alley,279
Chris McIntyre,279
David Rubin & Partners,280
argonaut,280
the Consumer Electronics show,281
Bill Gates,281
Firefox,282
the Mozilla Foundation,282
gate,283
Xbox,283
the Video Relay Service,284
the Royal National Institute for Deaf People ( RNID,284
Donkey Kong,285
Norman Cook,285
Tetris,286
kraftwerk,286
Germany,287
Asimo,287
the Electronic Frontier Foundation,288
StreamCast network,288
Television Numerique,289
tous,289
Jemima Khan,290
iPod,290
